source,variant,en,jp,n_en,n_jp,diff,diff_lo,diff_hi,p
experiment,main,0.11709252537235183,0.45003169698179246,7776,7800,0.33293917160944064,0.2833200894022257,0.3785713957763103,0.0
experiment,reweight after,0.11173015887130766,0.46221541013297446,7776,7800,0.3504852512616668,0.30687284550596133,0.39271063748125,0.0
experiment,full vocabulary,0.19086519213011735,0.4989285670635033,10760,11612,0.308063374933386,0.25053892726976124,0.3407014272417497,0.0
experiment,top-30 per language,0.1619307853812789,0.4199671443458113,9458,8745,0.25803635896453236,0.21281563484818977,0.30649623975811596,0.0
corpus,main,0.068880352387349,0.16044020908619064,6002,6008,0.09155985669884163,0.06310581855445097,0.12242306734947406,0.0
corpus,article talk only,0.08376765069813939,0.18038001058987652,3320,3256,0.09661235989173712,0.013142007094598705,0.1890384600372832,0.02
corpus,user talk only,0.06157386573212134,0.1657463792158406,2682,2752,0.10417251348371925,0.055456911509786475,0.1449598618217538,0.0
corpus,predicative only,0.07603607374949539,0.16604056296046152,4922,3971,0.09000448921096613,0.051773757913035956,0.13267294058219248,0.0
corpus,confidence >= 2,0.08543466590775073,0.20331616348970882,4327,4507,0.1178814975819581,0.07153741820180597,0.15955295561548063,0.0
corpus,given negation,0.09332192395613685,0.1633397550560253,6002,6008,0.07001783109988845,0.0347849662505491,0.1063204248475978,0.0
